{
    "aeid": 704,
    "m4id": 1842443,
    "spid": "TP0000904H05",
    "chid": 45232,
    "casn": "51-24-1",
    "chnm": "Tiratricol",
    "dtxsid": "DTXSID2045232",
    "bmad": 3.7634679299683276,
    "respMax": 5.412234762165331,
    "respMin": -10.497225111686998,
    "maxMean": 5.412234762165331,
    "maxMeanConc": -0.6989700043360187,
    "maxMed": 5.412234762165331,
    "maxMedConc": -0.6989700043360187,
    "logcMax": 1.6989700043360187,
    "logcMin": -1.6989700043360187,
    "nconc": 8,
    "npts": 8,
    "nrep": 1.0,
    "nmedGtbl": 0,
    "tmpi": 42,
    "m5id": 5037089,
    "modl": "poly1",
    "hitc": 1.3111515548405657E-6,
    "fitc": 13,
    "coff": 22.580807579809964,
    "actp": null,
    "modelType": 2,
    "chidRep": 1,
    "stkc": 20.0,
    "stkcUnit": "mM",
    "testedConcUnit": "uM",
    "mc3Param": {
        "logc": [
            0.7781512503836436,
            1.3010299956639813,
            -0.6989700043360187,
            -1.6989700043360187,
            1.6989700043360187,
            -0.22184874961635637,
            0.3010299956639812,
            -1.154901959985743
        ],
        "resp": [
            -10.497225111686998,
            -8.271301702212094,
            5.412234762165331,
            -0.5697089223331855,
            -5.4107315723966085,
            -1.152645914630851,
            -9.935332776150975,
            0.5697089223331855
        ]
    },
    "mc4Param": {
        "pow_a": 5.868021963410569E-8,
        "pow_p": 0.31010469927487905,
        "exp2_a": 0.00000820221770260021,
        "exp2_b": 63.67412912081,
        "exp3_a": 0.000015100154689265508,
        "exp3_b": 66.7682650559194,
        "exp3_p": 4.045012130124175,
        "exp5_p": 2.5184566900851344,
        "gnls_p": 1.004146220375644,
        "gnls_q": 7.988324375445398,
        "hill_p": 2.638717782813107,
        "pow_er": 1.748991997794754,
        "cnst_er": 1.749320687470586,
        "exp2_er": 1.7502584913338175,
        "exp3_er": 1.7494323994898786,
        "exp4_er": 1.7493097643658628,
        "exp4_ga": 3.3432891621411227,
        "exp4_tp": 3.7125542218244536E-10,
        "exp5_er": 1.7493111824172694,
        "exp5_ga": 3.185722315810508,
        "exp5_tp": 5.594093755272163E-10,
        "gnls_er": 1.7165456563641568,
        "gnls_ga": 0.015706640010627146,
        "gnls_la": 0.4966875709539269,
        "gnls_tp": 2.580846160887361,
        "hill_er": 1.749345944481645,
        "hill_ga": 33.73657111465509,
        "hill_tp": 4.159714315410043E-9,
        "poly1_a": 2.671599719093895E-11,
        "poly2_a": 0.000005233244887677393,
        "poly2_b": 60.3011801386689,
        "pow_aic": 59.65799055310836,
        "pow_cov": 1,
        "pow_rme": 6.498682968118529,
        "pow_top": 1.9740143842658864E-7,
        "all_bmed": 0,
        "cnst_aic": 55.65798921703397,
        "cnst_rme": 6.498682892070479,
        "exp2_aic": 59.65800315845096,
        "exp2_cov": 1,
        "exp2_rme": 6.4986846045958355,
        "exp2_top": 0.000009784846486708034,
        "exp3_aic": 61.657991223897305,
        "exp3_cov": 1,
        "exp3_rme": 6.4986834826679445,
        "exp3_top": 0.00000549637162559571,
        "exp4_aic": 59.65798921968127,
        "exp4_cov": 1,
        "exp4_rme": 6.498682892244033,
        "exp4_top": 3.7125542218244536E-10,
        "exp5_aic": 61.65798921951322,
        "exp5_cov": 1,
        "exp5_rme": 6.498682892347669,
        "exp5_top": 5.594093755272163E-10,
        "gnls_aic": 65.24298472190893,
        "gnls_cov": 1,
        "gnls_rme": 6.371147760432374,
        "gnls_top": 2.422030692633518,
        "hill_aic": 61.65798922272976,
        "hill_cov": 1,
        "hill_rme": 6.498682892532436,
        "hill_top": 4.159714315410043E-9,
        "poly1_er": 1.7493384697041403,
        "poly2_er": 1.749869269967504,
        "pow_a_sd": null,
        "pow_ac50": 5.348516727471637,
        "pow_p_sd": null,
        "all_onesd": 6.885946392795786,
        "exp2_a_sd": null,
        "exp2_ac50": 29.786661402010136,
        "exp2_b_sd": null,
        "exp3_a_sd": null,
        "exp3_ac50": 42.90853049989956,
        "exp3_b_sd": null,
        "exp3_p_sd": null,
        "exp4_ac50": 3.3432891621411227,
        "exp5_ac50": 3.185722315810508,
        "exp5_p_sd": null,
        "gnls_ac50": 0.013892709273921892,
        "gnls_p_sd": null,
        "gnls_q_sd": null,
        "hill_ac50": 33.73657111465509,
        "hill_p_sd": null,
        "poly1_aic": 57.65798921945516,
        "poly1_cov": 1,
        "poly1_rme": 6.49868289233687,
        "poly1_top": 1.335799859546947E-9,
        "poly2_aic": 59.65799619491047,
        "poly2_cov": 1,
        "poly2_rme": 6.498684235032681,
        "poly2_top": 0.000007937241563467504,
        "pow_er_sd": null,
        "exp2_er_sd": null,
        "exp3_er_sd": null,
        "exp4_er_sd": null,
        "exp4_ga_sd": null,
        "exp4_tp_sd": null,
        "exp5_er_sd": null,
        "exp5_ga_sd": null,
        "exp5_tp_sd": null,
        "gnls_er_sd": null,
        "gnls_ga_sd": null,
        "gnls_la_sd": null,
        "gnls_tp_sd": null,
        "hill_er_sd": null,
        "hill_ga_sd": null,
        "hill_tp_sd": null,
        "poly1_a_sd": 0.32379470628075435,
        "poly1_ac50": 24.999999999999996,
        "poly2_a_sd": null,
        "poly2_ac50": 30.40176401368837,
        "poly2_b_sd": null,
        "poly1_er_sd": 0.7320994661619505,
        "poly2_er_sd": null,
        "pow_success": 1,
        "cnst_success": 1,
        "exp2_success": 1,
        "exp3_success": 1,
        "exp4_success": 1,
        "exp5_success": 1,
        "gnls_success": 1,
        "hill_success": 1,
        "poly1_success": 1,
        "poly2_success": 1,
        "gnls_ac50_loss": 0.5007494385640836
    },
    "mc5Param": {
        "a": 2.671599719093895E-11,
        "er": 1.7493384697041403,
        "ac5": 2.4999999999999996,
        "bmd": 347699605501.9814,
        "bmr": 9.289141683881516,
        "mll": -26.82899460972758,
        "top": 1.335799859546947E-9,
        "ac10": 4.999999999999999,
        "ac20": 9.999999999999998,
        "ac50": 24.999999999999996,
        "bmdl": 108.3553281419698,
        "rmse": 6.49868289233687,
        "ac1sd": 257746186435.86465,
        "caikwt": 0.7310585788680222,
        "hitcall": 0.0000013111515548405657,
        "top_over_cutoff": 5.915642542126427E-11
    },
    "mc6Param": {
        "flag": [
            "Bmd > ac50, indication of high baseline variability",
            "Average number of replicates per conc is less than 2"
        ],
        "mc6MthdId": [
            9,
            13
        ]
    }
}
